department,nationality,value,img_url
Decorative Arts and Design,English,1.0,https://cmoa-collection-images.s3.amazonaws.com/thing/6305/CMA-48-1-53-K.jpg
Decorative Arts and Design,English,1.0,https://cmoa-collection-images.s3.amazonaws.com/thing/6306/CMA-48-1-53-M.jpg
Decorative Arts and Design,English,1.0,https://cmoa-collection-images.s3.amazonaws.com/thing/1680/CMA-5783-1.jpg
Decorative Arts and Design,English,1.0,https://cmoa-collection-images.s3.amazonaws.com/thing/99869/3450.jpg
Decorative Arts and Design,English,1.0,https://cmoa-collection-images.s3.amazonaws.com/thing/99870/3451.jpg
Decorative Arts and Design,English,1.0,https://cmoa-collection-images.s3.amazonaws.com/thing/5304/2003.17.11.TN.jpg
Decorative Arts and Design,English,1.0,https://cmoa-collection-images.s3.amazonaws.com/thing/99871/3674.jpg
Decorative Arts and Design,English,1.0,https://cmoa-collection-images.s3.amazonaws.com/thing/102920/3681_cropped.jpg
Decorative Arts and Design,English,1.0,https://cmoa-collection-images.s3.amazonaws.com/thing/99873/3685.jpg
Decorative Arts and Design,English,1.0,https://cmoa-collection-images.s3.amazonaws.com/thing/5322/2003.17.29.TN.jpg
Decorative Arts and Design,English,1.0,https://cmoa-collection-images.s3.amazonaws.com/thing/5323/3687_cropped.jpg
Decorative Arts and Design,English,1.0,https://cmoa-collection-images.s3.amazonaws.com/thing/102839/3688_cropped.jpg
Decorative Arts and Design,English,1.0,https://cmoa-collection-images.s3.amazonaws.com/thing/102838/3689_cropped.jpg
Decorative Arts and Design,English,1.0,https://cmoa-collection-images.s3.amazonaws.com/thing/102844/3690_cropped.jpg
Decorative Arts and Design,English,1.0,https://cmoa-collection-images.s3.amazonaws.com/thing/5327/2003.17.33.TN.jpg
Decorative Arts and Design,English,1.0,https://cmoa-collection-images.s3.amazonaws.com/thing/5329/2003.17.35.A-B.TN.jpg
Decorative Arts and Design,English,1.0,https://cmoa-collection-images.s3.amazonaws.com/thing/5333/2003.17.38.TN.jpg
Decorative Arts and Design,English,1.0,https://cmoa-collection-images.s3.amazonaws.com/thing/5334/2003.17.39.A-B.TN.jpg
Decorative Arts and Design,English,1.0,https://cmoa-collection-images.s3.amazonaws.com/thing/102846/3698_cropped.jpg
Decorative Arts and Design,English,1.0,https://cmoa-collection-images.s3.amazonaws.com/thing/102819/3699_cropped.jpg
Decorative Arts and Design,English,1.0,https://cmoa-collection-images.s3.amazonaws.com/thing/5339/2003.17.44.TN.jpg
Decorative Arts and Design,English,1.0,https://cmoa-collection-images.s3.amazonaws.com/thing/5341/2003.17.46.TN.jpg
Decorative Arts and Design,English,1.0,https://cmoa-collection-images.s3.amazonaws.com/thing/5344/2003.17.48.TN.jpg
Decorative Arts and Design,English,1.0,https://cmoa-collection-images.s3.amazonaws.com/thing/102854/3947_cropped.jpg
Contemporary Art,English,1.0,https://cmoa-collection-images.s3.amazonaws.com/thing/126371/4395.jpg
Decorative Arts and Design,English,1.0,https://cmoa-collection-images.s3.amazonaws.com/thing/5329/2003.17.35.A-B.TN.jpg
Decorative Arts and Design,English,1.0,https://cmoa-collection-images.s3.amazonaws.com/thing/98065/5256-2.jpg
Decorative Arts and Design,English,1.0,https://cmoa-collection-images.s3.amazonaws.com/thing/52428/7006.jpg
Decorative Arts and Design,English,1.0,https://cmoa-collection-images.s3.amazonaws.com/thing/1061/CMA-19-1-31.jpg
Decorative Arts and Design,English,1.0,https://cmoa-collection-images.s3.amazonaws.com/thing/31764/15094.jpg
Decorative Arts and Design,English,1.0,https://cmoa-collection-images.s3.amazonaws.com/thing/3160/CMA-23-10-3-4.jpg
Decorative Arts and Design,English,1.0,https://cmoa-collection-images.s3.amazonaws.com/thing/3162/CMA-23-10-5-6.jpg
Decorative Arts and Design,English,1.0,https://cmoa-collection-images.s3.amazonaws.com/thing/1199/CMA-41-1-1.jpg
Decorative Arts and Design,English,1.0,https://cmoa-collection-images.s3.amazonaws.com/thing/1235/CMA-48-3-12.jpg
Decorative Arts and Design,English,1.0,https://cmoa-collection-images.s3.amazonaws.com/thing/1237/CMA-48-3-14.jpg
Decorative Arts and Design,English,1.0,https://cmoa-collection-images.s3.amazonaws.com/thing/1245/CMA-48-8-1.jpg
Contemporary Art,English,1.0,https://cmoa-collection-images.s3.amazonaws.com/thing/121165/22646.jpg
Decorative Arts and Design,English,1.0,https://cmoa-collection-images.s3.amazonaws.com/thing/1197/CMA-37-3-106.jpg
Decorative Arts and Design,English,1.0,https://cmoa-collection-images.s3.amazonaws.com/thing/1243/CMA-48-3-24.jpg
Decorative Arts and Design,English,1.0,https://cmoa-collection-images.s3.amazonaws.com/thing/75585/Grille%20009.jpg
Decorative Arts and Design,English,1.0,https://cmoa-collection-images.s3.amazonaws.com/thing/99915/Grille%20020%20Cropped.jpg
Decorative Arts and Design,English,1.0,https://cmoa-collection-images.s3.amazonaws.com/thing/99914/Grille%20015Cropped.jpg
Fine Arts,English,1.0,https://cmoa-collection-images.s3.amazonaws.com/thing/40065/33712.jpg
Fine Arts,English,1.0,https://cmoa-collection-images.s3.amazonaws.com/thing/40070/33713.jpg
Fine Arts,English,1.0,https://cmoa-collection-images.s3.amazonaws.com/thing/39213/34305.jpg
Decorative Arts and Design,English,1.0,https://cmoa-collection-images.s3.amazonaws.com/thing/5339/2003.17.44.TN.jpg
Contemporary Art,English,1.0,https://cmoa-collection-images.s3.amazonaws.com/thing/56695/PhilCollins_42.jpg
Contemporary Art,English,1.0,https://cmoa-collection-images.s3.amazonaws.com/thing/212467/97910.jpg
Decorative Arts and Design,English,1.0,https://cmoa-collection-images.s3.amazonaws.com/thing/231891/98676-1.jpg
Photography,English,1.0,https://cmoa-collection-images.s3.amazonaws.com/thing/132214/104956-sheet.jpg
Fine Arts,English,1.0,https://cmoa-collection-images.s3.amazonaws.com/thing/150823/112954.jpg
Decorative Arts and Design,English,1.0,https://cmoa-collection-images.s3.amazonaws.com/thing/155029/114447-1.jpg
Fine Arts,English,1.0,https://cmoa-collection-images.s3.amazonaws.com/thing/126351/1000590-2.jpg
Fine Arts,English,1.0,https://cmoa-collection-images.s3.amazonaws.com/thing/99649/1000889_cropped.jpg
Fine Arts,English,1.0,https://cmoa-collection-images.s3.amazonaws.com/thing/99645/1000891_cropped.jpg
Fine Arts,English,1.0,https://cmoa-collection-images.s3.amazonaws.com/thing/99661/1000956_cropped.jpg
Fine Arts,English,1.0,https://cmoa-collection-images.s3.amazonaws.com/thing/99811/1000957.jpg
Fine Arts,English,1.0,https://cmoa-collection-images.s3.amazonaws.com/thing/99663/1000958_cropped.jpg
Fine Arts,English,1.0,https://cmoa-collection-images.s3.amazonaws.com/thing/99724/1000959.jpg
Fine Arts,English,1.0,https://cmoa-collection-images.s3.amazonaws.com/thing/104739/1001071_image.jpg
Fine Arts,English,1.0,https://cmoa-collection-images.s3.amazonaws.com/thing/104741/1001072_image.jpg
Fine Arts,English,1.0,https://cmoa-collection-images.s3.amazonaws.com/thing/104722/1001073_image.jpg
Fine Arts,English,1.0,https://cmoa-collection-images.s3.amazonaws.com/thing/104724/1001074_image.jpg
Fine Arts,English,1.0,https://cmoa-collection-images.s3.amazonaws.com/thing/104726/1001075_image.jpg
Fine Arts,English,1.0,https://cmoa-collection-images.s3.amazonaws.com/thing/104728/1001076_image.jpg
Fine Arts,English,1.0,https://cmoa-collection-images.s3.amazonaws.com/thing/104730/1001077_image.jpg
Fine Arts,English,1.0,https://cmoa-collection-images.s3.amazonaws.com/thing/104732/1001078.jpg
Fine Arts,English,1.0,https://cmoa-collection-images.s3.amazonaws.com/thing/104733/1001079_image.jpg
Fine Arts,English,1.0,https://cmoa-collection-images.s3.amazonaws.com/thing/104735/1001080_image.jpg
Fine Arts,English,1.0,https://cmoa-collection-images.s3.amazonaws.com/thing/104737/1001081_image.jpg
Fine Arts,English,1.0,https://cmoa-collection-images.s3.amazonaws.com/thing/99633/1001225_cropped.jpg
Decorative Arts and Design,English,1.0,https://cmoa-collection-images.s3.amazonaws.com/thing/1623/CMA-18-1-1.jpg
Decorative Arts and Design,English,1.0,https://cmoa-collection-images.s3.amazonaws.com/thing/1049/CMA-19-1-10.jpg
Decorative Arts and Design,English,1.0,https://cmoa-collection-images.s3.amazonaws.com/thing/1051/CMA-19-1-15.jpg
Decorative Arts and Design,English,1.0,https://cmoa-collection-images.s3.amazonaws.com/thing/1056/CMA-19-1-26.jpg
Decorative Arts and Design,English,1.0,https://cmoa-collection-images.s3.amazonaws.com/thing/1057/CMA-19-1-27.jpg
Decorative Arts and Design,English,1.0,https://cmoa-collection-images.s3.amazonaws.com/thing/1058/CMA-19-1-28-A-B.jpg
Decorative Arts and Design,English,1.0,https://cmoa-collection-images.s3.amazonaws.com/thing/1059/CMA-19-1-29.jpg
Decorative Arts and Design,English,1.0,https://cmoa-collection-images.s3.amazonaws.com/thing/1880/CMA-19-1-36.jpg
Decorative Arts and Design,English,1.0,https://cmoa-collection-images.s3.amazonaws.com/thing/0875/CMA-19-1-40.jpg
Decorative Arts and Design,English,1.0,https://cmoa-collection-images.s3.amazonaws.com/thing/1627/CMA-19-1-44.jpg
Decorative Arts and Design,English,1.0,https://cmoa-collection-images.s3.amazonaws.com/thing/1629/CMA-19-1-47.jpg
Decorative Arts and Design,English,1.0,https://cmoa-collection-images.s3.amazonaws.com/thing/1064/CMA-19-1-49.jpg
Decorative Arts and Design,English,1.0,https://cmoa-collection-images.s3.amazonaws.com/thing/1063/CMA-19-1-4.jpg
Decorative Arts and Design,English,1.0,https://cmoa-collection-images.s3.amazonaws.com/thing/1068/CMA-19-1-55.jpg
Decorative Arts and Design,English,1.0,https://cmoa-collection-images.s3.amazonaws.com/thing/0876/CMA-19-1-5.jpg
Decorative Arts and Design,English,1.0,https://cmoa-collection-images.s3.amazonaws.com/thing/1074/CMA-19-1-69.jpg
Decorative Arts and Design,English,1.0,https://cmoa-collection-images.s3.amazonaws.com/thing/1067/CMA-19-1-6.jpg
Decorative Arts and Design,English,1.0,https://cmoa-collection-images.s3.amazonaws.com/thing/1075/CMA-19-1-7.jpg
Decorative Arts and Design,English,1.0,https://cmoa-collection-images.s3.amazonaws.com/thing/0879/CMA-19-1-8.jpg
Fine Arts,English,1.0,https://cmoa-collection-images.s3.amazonaws.com/thing/107790/1002080.jpg
Decorative Arts and Design,English,1.0,https://cmoa-collection-images.s3.amazonaws.com/thing/5898/CMA-1996-52-1.jpg
Decorative Arts and Design,English,1.0,https://cmoa-collection-images.s3.amazonaws.com/thing/5900/CMA-1996-52-2.jpg
Decorative Arts and Design,English,1.0,https://cmoa-collection-images.s3.amazonaws.com/thing/5901/CMA-1996-52-3.jpg
Decorative Arts and Design,English,1.0,https://cmoa-collection-images.s3.amazonaws.com/thing/5902/CMA-1996-52-4.jpg
Decorative Arts and Design,English,1.0,https://cmoa-collection-images.s3.amazonaws.com/thing/3101/CMA-1996-54.jpg
Decorative Arts and Design,English,1.0,https://cmoa-collection-images.s3.amazonaws.com/thing/3102/CMA-1996-60.jpg
Decorative Arts and Design,English,1.0,https://cmoa-collection-images.s3.amazonaws.com/thing/3103/CMA-1996-65.jpg
Decorative Arts and Design,English,1.0,https://cmoa-collection-images.s3.amazonaws.com/thing/1637/CMA-1996-66.jpg
Fine Arts,English,1.0,https://cmoa-collection-images.s3.amazonaws.com/thing/99681/1002913_cropped.jpg
Decorative Arts and Design,English,1.0,https://cmoa-collection-images.s3.amazonaws.com/thing/5492/CMA-1997-12.jpg
Decorative Arts and Design,English,1.0,https://cmoa-collection-images.s3.amazonaws.com/thing/101413/1003043.jpg
Decorative Arts and Design,English,1.0,https://cmoa-collection-images.s3.amazonaws.com/thing/125742/1003045-2.jpg
Decorative Arts and Design,English,1.0,https://cmoa-collection-images.s3.amazonaws.com/thing/96479/1003047-3.jpg
Heinz Architectural Center,English,1.0,https://cmoa-collection-images.s3.amazonaws.com/thing/118019/1003380-5836.jpg
Decorative Arts and Design,English,1.0,https://cmoa-collection-images.s3.amazonaws.com/thing/1144/CMA-1997-53-A-B.jpg
Decorative Arts and Design,English,1.0,https://cmoa-collection-images.s3.amazonaws.com/thing/11417/1003794.jpg
Fine Arts,English,1.0,https://cmoa-collection-images.s3.amazonaws.com/thing/110574/1003854-image.jpg
Decorative Arts and Design,English,1.0,https://cmoa-collection-images.s3.amazonaws.com/thing/3133/CMA-1999-59-1.jpg
Decorative Arts and Design,English,1.0,https://cmoa-collection-images.s3.amazonaws.com/thing/3134/CMA-1999-59-2.jpg
Decorative Arts and Design,English,1.0,https://cmoa-collection-images.s3.amazonaws.com/thing/3135/CMA-1999-59-3.jpg
Decorative Arts and Design,English,1.0,https://cmoa-collection-images.s3.amazonaws.com/thing/3136/CMA-1999-59-4.jpg
Decorative Arts and Design,English,1.0,https://cmoa-collection-images.s3.amazonaws.com/thing/3137/CMA-1999-59-5.jpg
Decorative Arts and Design,English,1.0,https://cmoa-collection-images.s3.amazonaws.com/thing/3138/CMA-1999-65.jpg
Decorative Arts and Design,English,1.0,https://cmoa-collection-images.s3.amazonaws.com/thing/8251/CMA-27-10-847.jpg
Fine Arts,English,1.0,https://cmoa-collection-images.s3.amazonaws.com/thing/150682/29.2.18.jpg
Decorative Arts and Design,English,1.0,https://cmoa-collection-images.s3.amazonaws.com/thing/0906/CMA-29-3-17-A-B.jpg
Fine Arts,English,1.0,https://cmoa-collection-images.s3.amazonaws.com/thing/107559/1006230.jpg
Decorative Arts and Design,English,1.0,https://cmoa-collection-images.s3.amazonaws.com/thing/2688/CMA-30-1-1.jpg
Decorative Arts and Design,English,1.0,https://cmoa-collection-images.s3.amazonaws.com/thing/97998/1006345-7.jpg
Decorative Arts and Design,English,1.0,https://cmoa-collection-images.s3.amazonaws.com/thing/98002/1006364-2.jpg
Decorative Arts and Design,English,1.0,https://cmoa-collection-images.s3.amazonaws.com/thing/2691/CMA-41-1-3-A-B.jpg
Decorative Arts and Design,English,1.0,https://cmoa-collection-images.s3.amazonaws.com/thing/1200/CMA-41-1-4.jpg
Decorative Arts and Design,English,1.0,https://cmoa-collection-images.s3.amazonaws.com/thing/1665/CMA-41-1-5-A-B.jpg
Decorative Arts and Design,English,1.0,https://cmoa-collection-images.s3.amazonaws.com/thing/1666/CMA-41-1-6-A-B.jpg
Decorative Arts and Design,English,1.0,https://cmoa-collection-images.s3.amazonaws.com/thing/1202/CMA-42-2-1.jpg
Fine Arts,English,1.0,https://cmoa-collection-images.s3.amazonaws.com/thing/108466/1007443.jpg
Fine Arts,English,1.0,https://cmoa-collection-images.s3.amazonaws.com/thing/108468/1007445-image.jpg
Fine Arts,English,1.0,https://cmoa-collection-images.s3.amazonaws.com/thing/108460/1007447.jpg
Fine Arts,English,1.0,https://cmoa-collection-images.s3.amazonaws.com/thing/108461/1007448.jpg
Fine Arts,English,1.0,https://cmoa-collection-images.s3.amazonaws.com/thing/108467/1007449.jpg
Decorative Arts and Design,English,1.0,https://cmoa-collection-images.s3.amazonaws.com/thing/2297/CMA-48-1-1-A-C.jpg
Decorative Arts and Design,English,1.0,https://cmoa-collection-images.s3.amazonaws.com/thing/4931/CMA-48-1-25-A-H.jpg
Decorative Arts and Design,English,1.0,https://cmoa-collection-images.s3.amazonaws.com/thing/4361/CMA-48-1-36.jpg
Decorative Arts and Design,English,1.0,https://cmoa-collection-images.s3.amazonaws.com/thing/6472/CMA-48-1-41-A-B.jpg
Decorative Arts and Design,English,1.0,https://cmoa-collection-images.s3.amazonaws.com/thing/6069/CMA-48-1-42-A-B.jpg
Decorative Arts and Design,English,1.0,https://cmoa-collection-images.s3.amazonaws.com/thing/8377/CMA-48-1-4-A-F.jpg
Decorative Arts and Design,English,1.0,https://cmoa-collection-images.s3.amazonaws.com/thing/4763/CMA-48-1-52-10.jpg
Decorative Arts and Design,English,1.0,https://cmoa-collection-images.s3.amazonaws.com/thing/4764/CMA-48-1-52-11.jpg
Decorative Arts and Design,English,1.0,https://cmoa-collection-images.s3.amazonaws.com/thing/4762/CMA-48-1-52-1.jpg
Decorative Arts and Design,English,1.0,https://cmoa-collection-images.s3.amazonaws.com/thing/4766/CMA-48-1-52-2.jpg
Decorative Arts and Design,English,1.0,https://cmoa-collection-images.s3.amazonaws.com/thing/4767/CMA-48-1-52-4.jpg
Decorative Arts and Design,English,1.0,https://cmoa-collection-images.s3.amazonaws.com/thing/4765/CMA-48-1-52-12.jpg
Decorative Arts and Design,English,1.0,https://cmoa-collection-images.s3.amazonaws.com/thing/4768/CMA-48-1-57-1.jpg
Decorative Arts and Design,English,1.0,https://cmoa-collection-images.s3.amazonaws.com/thing/4770/CMA-48-1-57-2-A-B.jpg
Decorative Arts and Design,English,1.0,https://cmoa-collection-images.s3.amazonaws.com/thing/4773/CMA-48-1-57-3.jpg
Decorative Arts and Design,English,1.0,https://cmoa-collection-images.s3.amazonaws.com/thing/4774/CMA-48-1-57-4.jpg
Decorative Arts and Design,English,1.0,https://cmoa-collection-images.s3.amazonaws.com/thing/8309/CMA-48-1-5.jpg
Fine Arts,English,1.0,https://cmoa-collection-images.s3.amazonaws.com/thing/110538/1008233-image.jpg
Fine Arts,English,1.0,https://cmoa-collection-images.s3.amazonaws.com/thing/110547/1008234-image.jpg
Fine Arts,English,1.0,https://cmoa-collection-images.s3.amazonaws.com/thing/110545/1008235-image.jpg
Fine Arts,English,1.0,https://cmoa-collection-images.s3.amazonaws.com/thing/110549/1008236-image.jpg
Fine Arts,English,1.0,https://cmoa-collection-images.s3.amazonaws.com/thing/110534/1008237-layout.jpg
Fine Arts,English,1.0,https://cmoa-collection-images.s3.amazonaws.com/thing/110543/1008238-image.jpg
Fine Arts,English,1.0,https://cmoa-collection-images.s3.amazonaws.com/thing/110531/1008239-image.jpg
Fine Arts,English,1.0,https://cmoa-collection-images.s3.amazonaws.com/thing/110551/1008240-image.jpg
Fine Arts,English,1.0,https://cmoa-collection-images.s3.amazonaws.com/thing/110541/1008248-image.jpg
Fine Arts,English,1.0,https://cmoa-collection-images.s3.amazonaws.com/thing/110536/1008249-image.jpg
Decorative Arts and Design,English,1.0,https://cmoa-collection-images.s3.amazonaws.com/thing/4399/CMA-48-2-1.jpg
Decorative Arts and Design,English,1.0,https://cmoa-collection-images.s3.amazonaws.com/thing/1862/CMA-48-3-7.jpg
Fine Arts,English,1.0,https://cmoa-collection-images.s3.amazonaws.com/thing/108447/1008755-image.jpg
Contemporary Art,English,1.0,https://cmoa-collection-images.s3.amazonaws.com/thing/192035/1009688.jpg
Contemporary Art,English,1.0,https://cmoa-collection-images.s3.amazonaws.com/thing/103732/1009722_cropped.jpg
Contemporary Art,English,1.0,https://cmoa-collection-images.s3.amazonaws.com/thing/126269/1009727.jpg
Contemporary Art,English,1.0,https://cmoa-collection-images.s3.amazonaws.com/thing/47416/1009729.jpg
Contemporary Art,English,1.0,https://cmoa-collection-images.s3.amazonaws.com/thing/46622/1009731.jpg
Contemporary Art,English,1.0,https://cmoa-collection-images.s3.amazonaws.com/thing/48619/1009733.jpg
Contemporary Art,English,1.0,https://cmoa-collection-images.s3.amazonaws.com/thing/103731/1009735.jpg
Contemporary Art,English,1.0,https://cmoa-collection-images.s3.amazonaws.com/thing/46623/1009737.jpg
Contemporary Art,English,1.0,https://cmoa-collection-images.s3.amazonaws.com/thing/127748/1009741-2.jpg
Fine Arts,English,1.0,https://cmoa-collection-images.s3.amazonaws.com/thing/120537/1009909.jpg
Decorative Arts and Design,English,1.0,https://cmoa-collection-images.s3.amazonaws.com/thing/1280/CMA-57-12-13.jpg
Decorative Arts and Design,English,1.0,https://cmoa-collection-images.s3.amazonaws.com/thing/4183/CMA-57-12-14.jpg
Decorative Arts and Design,English,1.0,https://cmoa-collection-images.s3.amazonaws.com/thing/4422/CMA-57-12-19-A-B.jpg
Fine Arts,English,1.0,https://cmoa-collection-images.s3.amazonaws.com/thing/152227/57.21.jpg
Fine Arts,English,1.0,https://cmoa-collection-images.s3.amazonaws.com/thing/98435/1010589.jpg
Fine Arts,English,1.0,https://cmoa-collection-images.s3.amazonaws.com/thing/98950/1010590.jpg
Fine Arts,English,1.0,https://cmoa-collection-images.s3.amazonaws.com/thing/98949/1010591.jpg
Fine Arts,English,1.0,https://cmoa-collection-images.s3.amazonaws.com/thing/54184/1010592.jpg
Fine Arts,English,1.0,https://cmoa-collection-images.s3.amazonaws.com/thing/98947/1010593.jpg
Fine Arts,English,1.0,https://cmoa-collection-images.s3.amazonaws.com/thing/98948/1010594.jpg
Fine Arts,English,1.0,https://cmoa-collection-images.s3.amazonaws.com/thing/98951/1010595.jpg
Fine Arts,English,1.0,https://cmoa-collection-images.s3.amazonaws.com/thing/114689/1010596.jpg
Decorative Arts and Design,English,1.0,https://cmoa-collection-images.s3.amazonaws.com/thing/53722/1010776.jpg
Decorative Arts and Design,English,1.0,https://cmoa-collection-images.s3.amazonaws.com/thing/28412/1010810.jpg
Decorative Arts and Design,English,1.0,https://cmoa-collection-images.s3.amazonaws.com/thing/28436/1010811.jpg
Decorative Arts and Design,English,1.0,https://cmoa-collection-images.s3.amazonaws.com/thing/28440/1010812.jpg
Contemporary Art,English,1.0,https://cmoa-collection-images.s3.amazonaws.com/thing/121151/22646-crop-e.900x900.jpg
Contemporary Art,English,1.0,https://cmoa-collection-images.s3.amazonaws.com/thing/126270/1010917.jpg
Contemporary Art,English,1.0,https://cmoa-collection-images.s3.amazonaws.com/thing/18603/1010952.jpg
Fine Arts,English,1.0,https://cmoa-collection-images.s3.amazonaws.com/thing/119889/1011144.jpg
Decorative Arts and Design,English,1.0,https://cmoa-collection-images.s3.amazonaws.com/thing/116046/1011181.jpg
Decorative Arts and Design,English,1.0,https://cmoa-collection-images.s3.amazonaws.com/thing/4942/CMA-60-40-1.jpg
Decorative Arts and Design,English,1.0,https://cmoa-collection-images.s3.amazonaws.com/thing/4943/CMA-60-40-2.jpg
Decorative Arts and Design,English,1.0,https://cmoa-collection-images.s3.amazonaws.com/thing/4777/CMA-60-40-4-A-B.jpg
Decorative Arts and Design,English,1.0,https://cmoa-collection-images.s3.amazonaws.com/thing/1683/CMA-61-3-1.jpg
Contemporary Art,English,1.0,https://cmoa-collection-images.s3.amazonaws.com/thing/150650/61.52.jpg
Decorative Arts and Design,English,1.0,https://cmoa-collection-images.s3.amazonaws.com/thing/9582/CMA-62-11.jpg
Fine Arts,English,1.0,https://cmoa-collection-images.s3.amazonaws.com/thing/73902/1011521.jpg
Fine Arts,English,1.0,https://cmoa-collection-images.s3.amazonaws.com/thing/73903/1011522.jpg
Contemporary Art,English,1.0,https://cmoa-collection-images.s3.amazonaws.com/thing/107941/1011589.jpg
Contemporary Art,English,1.0,https://cmoa-collection-images.s3.amazonaws.com/thing/99718/1011625.jpg
Decorative Arts and Design,English,1.0,https://cmoa-collection-images.s3.amazonaws.com/thing/53724/1011753.jpg
Decorative Arts and Design,English,1.0,https://cmoa-collection-images.s3.amazonaws.com/thing/53724/1011753.jpg
Fine Arts,English,1.0,https://cmoa-collection-images.s3.amazonaws.com/thing/73917/1011771.jpg
Decorative Arts and Design,English,1.0,https://cmoa-collection-images.s3.amazonaws.com/thing/1947/CMA-64-15-1.jpg
Decorative Arts and Design,English,1.0,https://cmoa-collection-images.s3.amazonaws.com/thing/2604/CMA-64-15-2.jpg
Decorative Arts and Design,English,1.0,https://cmoa-collection-images.s3.amazonaws.com/thing/1948/CMA-66-16-1.jpg
Decorative Arts and Design,English,1.0,https://cmoa-collection-images.s3.amazonaws.com/thing/4400/CMA-66-16-4.jpg
Decorative Arts and Design,English,1.0,https://cmoa-collection-images.s3.amazonaws.com/thing/56503/67.12.1.jpg
Decorative Arts and Design,English,1.0,https://cmoa-collection-images.s3.amazonaws.com/thing/2606/CMA-68-34-5-A-B.jpg
Contemporary Art,English,1.0,https://cmoa-collection-images.s3.amazonaws.com/thing/149746/68.3.jpg
Decorative Arts and Design,English,1.0,https://cmoa-collection-images.s3.amazonaws.com/thing/2959/CMA-68-48-10%20Front.jpg
Decorative Arts and Design,English,1.0,https://cmoa-collection-images.s3.amazonaws.com/thing/4228/CMA-68-48-8.jpg
Decorative Arts and Design,English,1.0,https://cmoa-collection-images.s3.amazonaws.com/thing/4229/CMA-68-48-9.jpg
Decorative Arts and Design,English,1.0,https://cmoa-collection-images.s3.amazonaws.com/thing/38139/1012532.jpg
Decorative Arts and Design,English,1.0,https://cmoa-collection-images.s3.amazonaws.com/thing/6475/CMA-70-32-1764.jpg
Decorative Arts and Design,English,1.0,https://cmoa-collection-images.s3.amazonaws.com/thing/6476/CMA-70-32-1765.jpg
Decorative Arts and Design,English,1.0,https://cmoa-collection-images.s3.amazonaws.com/thing/6948/CMA-70-32-1769_1.jpg
Decorative Arts and Design,English,1.0,https://cmoa-collection-images.s3.amazonaws.com/thing/7302/CMA-70-32-1773_1.jpg
Decorative Arts and Design,English,1.0,https://cmoa-collection-images.s3.amazonaws.com/thing/6945/CMA-70-32-1776_1.jpg
Decorative Arts and Design,English,1.0,https://cmoa-collection-images.s3.amazonaws.com/thing/6947/CMA-70-32-1777_1.jpg
Decorative Arts and Design,English,1.0,https://cmoa-collection-images.s3.amazonaws.com/thing/54169/1013921.jpg
Decorative Arts and Design,English,1.0,https://cmoa-collection-images.s3.amazonaws.com/thing/54158/1013926.jpg
Decorative Arts and Design,English,1.0,https://cmoa-collection-images.s3.amazonaws.com/thing/54176/1013934.jpg
Decorative Arts and Design,English,1.0,https://cmoa-collection-images.s3.amazonaws.com/thing/126332/1013947-%201.jpg
Decorative Arts and Design,English,1.0,https://cmoa-collection-images.s3.amazonaws.com/thing/126323/1013964-1.jpg
Decorative Arts and Design,English,1.0,https://cmoa-collection-images.s3.amazonaws.com/thing/4244/CMA-70-32-1853.jpg
Decorative Arts and Design,English,1.0,https://cmoa-collection-images.s3.amazonaws.com/thing/4245/CMA-70-32-1854.jpg
Decorative Arts and Design,English,1.0,https://cmoa-collection-images.s3.amazonaws.com/thing/4246/CMA-70-32-1857-A-B.jpg
Decorative Arts and Design,English,1.0,https://cmoa-collection-images.s3.amazonaws.com/thing/4247/CMA-70-32-1858-A-B.jpg
Decorative Arts and Design,English,1.0,https://cmoa-collection-images.s3.amazonaws.com/thing/1328/CMA-70-32-1862.jpg
Decorative Arts and Design,English,1.0,https://cmoa-collection-images.s3.amazonaws.com/thing/1694/CMA-70-32-1884.jpg
Decorative Arts and Design,English,1.0,https://cmoa-collection-images.s3.amazonaws.com/thing/1695/CMA-70-32-1885.jpg
Decorative Arts and Design,English,1.0,https://cmoa-collection-images.s3.amazonaws.com/thing/4264/CMA-70-32-1898.jpg
Decorative Arts and Design,English,1.0,https://cmoa-collection-images.s3.amazonaws.com/thing/4265/CMA-70-32-1899.jpg
Decorative Arts and Design,English,1.0,https://cmoa-collection-images.s3.amazonaws.com/thing/1336/CMA-70-32-1945.jpg
Decorative Arts and Design,English,1.0,https://cmoa-collection-images.s3.amazonaws.com/thing/2340/CMA-70-32-1949.jpg
Decorative Arts and Design,English,1.0,https://cmoa-collection-images.s3.amazonaws.com/thing/2349/CMA-70-32-1964.jpg
Decorative Arts and Design,English,1.0,https://cmoa-collection-images.s3.amazonaws.com/thing/1697/CMA-70-32-1965.jpg
Decorative Arts and Design,English,1.0,https://cmoa-collection-images.s3.amazonaws.com/thing/2350/CMA-70-32-1967.jpg
Decorative Arts and Design,English,1.0,https://cmoa-collection-images.s3.amazonaws.com/thing/2820/CMA-70-32-1973-A-B.jpg
Decorative Arts and Design,English,1.0,https://cmoa-collection-images.s3.amazonaws.com/thing/2821/CMA-70-32-1974-A-B.jpg
Decorative Arts and Design,English,1.0,https://cmoa-collection-images.s3.amazonaws.com/thing/2822/CMA-70-32-1975-A-B.jpg
Decorative Arts and Design,English,1.0,https://cmoa-collection-images.s3.amazonaws.com/thing/2823/CMA-70-32-1976-A-B.jpg
Decorative Arts and Design,English,1.0,https://cmoa-collection-images.s3.amazonaws.com/thing/1341/CMA-70-32-1996.jpg
Decorative Arts and Design,English,1.0,https://cmoa-collection-images.s3.amazonaws.com/thing/1342/CMA-70-32-1997.jpg
Decorative Arts and Design,English,1.0,https://cmoa-collection-images.s3.amazonaws.com/thing/2969/CMA-70-32-2007.jpg
Decorative Arts and Design,English,1.0,https://cmoa-collection-images.s3.amazonaws.com/thing/2838/CMA-70-32-2039.jpg
Decorative Arts and Design,English,1.0,https://cmoa-collection-images.s3.amazonaws.com/thing/2839/CMA-70-32-2058.jpg
Decorative Arts and Design,English,1.0,https://cmoa-collection-images.s3.amazonaws.com/thing/2840/CMA-70-32-2063.jpg
Decorative Arts and Design,English,1.0,https://cmoa-collection-images.s3.amazonaws.com/thing/5196/CMA-70-32-2073-A-B.jpg
Decorative Arts and Design,English,1.0,https://cmoa-collection-images.s3.amazonaws.com/thing/2970/CMA-70-32-2074.jpg
Decorative Arts and Design,English,1.0,https://cmoa-collection-images.s3.amazonaws.com/thing/2971/CMA-70-32-2075.jpg
Decorative Arts and Design,English,1.0,https://cmoa-collection-images.s3.amazonaws.com/thing/2972/CMA-70-32-2076.jpg
Decorative Arts and Design,English,1.0,https://cmoa-collection-images.s3.amazonaws.com/thing/1851/CMA-70-32-2078.jpg
Decorative Arts and Design,English,1.0,https://cmoa-collection-images.s3.amazonaws.com/thing/2501/CMA-70-32-2079.jpg
Decorative Arts and Design,English,1.0,https://cmoa-collection-images.s3.amazonaws.com/thing/1700/CMA-70-32-2113-A-B.jpg
Decorative Arts and Design,English,1.0,https://cmoa-collection-images.s3.amazonaws.com/thing/1702/CMA-70-32-2121.jpg
Decorative Arts and Design,English,1.0,https://cmoa-collection-images.s3.amazonaws.com/thing/2973/CMA-70-32-2168.jpg
Decorative Arts and Design,English,1.0,https://cmoa-collection-images.s3.amazonaws.com/thing/2845/CMA-70-32-2172.jpg
Decorative Arts and Design,English,1.0,https://cmoa-collection-images.s3.amazonaws.com/thing/2015/CMA-70-32-2174.jpg
Decorative Arts and Design,English,1.0,https://cmoa-collection-images.s3.amazonaws.com/thing/2016/CMA-70-32-2175.jpg
Decorative Arts and Design,English,1.0,https://cmoa-collection-images.s3.amazonaws.com/thing/1704/CMA-70-32-2177-A-B.jpg
Decorative Arts and Design,English,1.0,https://cmoa-collection-images.s3.amazonaws.com/thing/2846/CMA-70-32-2231.jpg
Decorative Arts and Design,English,1.0,https://cmoa-collection-images.s3.amazonaws.com/thing/2502/CMA-70-32-2253.jpg
Decorative Arts and Design,English,1.0,https://cmoa-collection-images.s3.amazonaws.com/thing/1716/CMA-70-32-2254.jpg
Decorative Arts and Design,English,1.0,https://cmoa-collection-images.s3.amazonaws.com/thing/0783/CMA-70-32-2257-A-B.jpg
Decorative Arts and Design,English,1.0,https://cmoa-collection-images.s3.amazonaws.com/thing/0780/CMA-70-32-2263.jpg
Decorative Arts and Design,English,1.0,https://cmoa-collection-images.s3.amazonaws.com/thing/0779/CMA-70-32-2264.jpg
Decorative Arts and Design,English,1.0,https://cmoa-collection-images.s3.amazonaws.com/thing/0778/CMA-70-32-2265.jpg
Decorative Arts and Design,English,1.0,https://cmoa-collection-images.s3.amazonaws.com/thing/4780/CMA-70-32-2368.jpg
Decorative Arts and Design,English,1.0,https://cmoa-collection-images.s3.amazonaws.com/thing/5844/CMA-70-32-2370-A-B.jpg
Decorative Arts and Design,English,1.0,https://cmoa-collection-images.s3.amazonaws.com/thing/6084/CMA-70-32-2372-A-B.jpg
Decorative Arts and Design,English,1.0,https://cmoa-collection-images.s3.amazonaws.com/thing/6105/CMA-70-32-2381.jpg
Decorative Arts and Design,English,1.0,https://cmoa-collection-images.s3.amazonaws.com/thing/5006/CMA-70-32-2383.jpg
Decorative Arts and Design,English,1.0,https://cmoa-collection-images.s3.amazonaws.com/thing/5007/CMA-70-32-2385.jpg
Decorative Arts and Design,English,1.0,https://cmoa-collection-images.s3.amazonaws.com/thing/5008/CMA-70-32-2386.jpg
Decorative Arts and Design,English,1.0,https://cmoa-collection-images.s3.amazonaws.com/thing/1717/CMA-70-32-2395-A-D.jpg
Decorative Arts and Design,English,1.0,https://cmoa-collection-images.s3.amazonaws.com/thing/5072/CMA-70-32-2396.jpg
Decorative Arts and Design,English,1.0,https://cmoa-collection-images.s3.amazonaws.com/thing/5014/CMA-70-32-2403.jpg
Decorative Arts and Design,English,1.0,https://cmoa-collection-images.s3.amazonaws.com/thing/5015/CMA-70-32-2405.jpg
Decorative Arts and Design,English,1.0,https://cmoa-collection-images.s3.amazonaws.com/thing/5016/CMA-70-32-2412.jpg
Decorative Arts and Design,English,1.0,https://cmoa-collection-images.s3.amazonaws.com/thing/5936/CMA-70-32-2413.jpg
Decorative Arts and Design,English,1.0,https://cmoa-collection-images.s3.amazonaws.com/thing/4685/CMA-70-32-2415.jpg
Decorative Arts and Design,English,1.0,https://cmoa-collection-images.s3.amazonaws.com/thing/5874/CMA-70-32-2416.jpg
Decorative Arts and Design,English,1.0,https://cmoa-collection-images.s3.amazonaws.com/thing/5937/CMA-70-32-2424.jpg
Decorative Arts and Design,English,1.0,https://cmoa-collection-images.s3.amazonaws.com/thing/5017/CMA-70-32-2425.jpg
Decorative Arts and Design,English,1.0,https://cmoa-collection-images.s3.amazonaws.com/thing/4948/CMA-70-32-2426.jpg
Decorative Arts and Design,English,1.0,https://cmoa-collection-images.s3.amazonaws.com/thing/5020/CMA-70-32-2428-A-B.jpg
Decorative Arts and Design,English,1.0,https://cmoa-collection-images.s3.amazonaws.com/thing/5076/CMA-70-32-2430-A-B.jpg
Decorative Arts and Design,English,1.0,https://cmoa-collection-images.s3.amazonaws.com/thing/6107/CMA-70-32-2431-A-B.jpg
Decorative Arts and Design,English,1.0,https://cmoa-collection-images.s3.amazonaws.com/thing/9088/CMA-70-32-2432.jpg
Decorative Arts and Design,English,1.0,https://cmoa-collection-images.s3.amazonaws.com/thing/5939/CMA-70-32-2433-A-B.jpg
Decorative Arts and Design,English,1.0,https://cmoa-collection-images.s3.amazonaws.com/thing/5941/CMA-70-32-2434.jpg
Fine Arts,English,1.0,https://cmoa-collection-images.s3.amazonaws.com/thing/149528/70.32.2599.jpg
Fine Arts,English,1.0,https://cmoa-collection-images.s3.amazonaws.com/thing/149526/70.32.2600.jpg
Fine Arts,English,1.0,https://cmoa-collection-images.s3.amazonaws.com/thing/149527/70.32.2601.jpg
Fine Arts,English,1.0,https://cmoa-collection-images.s3.amazonaws.com/thing/126254/1014834.jpg
Decorative Arts and Design,English,1.0,https://cmoa-collection-images.s3.amazonaws.com/thing/2031/CMA-70-32-2696.jpg
Decorative Arts and Design,English,1.0,https://cmoa-collection-images.s3.amazonaws.com/thing/2032/CMA-70-32-2697.jpg
Decorative Arts and Design,English,1.0,https://cmoa-collection-images.s3.amazonaws.com/thing/2853/CMA-70-32-2712.jpg
Decorative Arts and Design,English,1.0,https://cmoa-collection-images.s3.amazonaws.com/thing/2854/CMA-70-32-2714.jpg
Decorative Arts and Design,English,1.0,https://cmoa-collection-images.s3.amazonaws.com/thing/1385/CMA-70-39.jpg
Decorative Arts and Design,English,1.0,https://cmoa-collection-images.s3.amazonaws.com/thing/8520/CMA-70-55-4-A-B.jpg
Decorative Arts and Design,English,1.0,https://cmoa-collection-images.s3.amazonaws.com/thing/8102/CMA-70-7-111.jpg
Decorative Arts and Design,English,1.0,https://cmoa-collection-images.s3.amazonaws.com/thing/8103/CMA-70-7-112.jpg
Decorative Arts and Design,English,1.0,https://cmoa-collection-images.s3.amazonaws.com/thing/54157/1015956.jpg
Decorative Arts and Design,English,1.0,https://cmoa-collection-images.s3.amazonaws.com/thing/54454/1015957.jpg
Decorative Arts and Design,English,1.0,https://cmoa-collection-images.s3.amazonaws.com/thing/8527/CMA-70-7-152.jpg
Decorative Arts and Design,English,1.0,https://cmoa-collection-images.s3.amazonaws.com/thing/8528/CMA-70-7-153.jpg
Decorative Arts and Design,English,1.0,https://cmoa-collection-images.s3.amazonaws.com/thing/8781/CMA-70-7-154.jpg
Decorative Arts and Design,English,1.0,https://cmoa-collection-images.s3.amazonaws.com/thing/8783/CMA-70-7-155-A-B.jpg
Decorative Arts and Design,English,1.0,https://cmoa-collection-images.s3.amazonaws.com/thing/5943/CMA-70-7-158.jpg
Decorative Arts and Design,English,1.0,https://cmoa-collection-images.s3.amazonaws.com/thing/4660/CMA-70-7-159-A-B.jpg
Decorative Arts and Design,English,1.0,https://cmoa-collection-images.s3.amazonaws.com/thing/2170/CMA-70-7-160-A-B.jpg
Decorative Arts and Design,English,1.0,https://cmoa-collection-images.s3.amazonaws.com/thing/2411/CMA-70-7-65.jpg
Decorative Arts and Design,English,1.0,https://cmoa-collection-images.s3.amazonaws.com/thing/2412/CMA-70-7-66.jpg
Decorative Arts and Design,English,1.0,https://cmoa-collection-images.s3.amazonaws.com/thing/2415/CMA-70-7-74.jpg
Decorative Arts and Design,English,1.0,https://cmoa-collection-images.s3.amazonaws.com/thing/2416/CMA-70-7-75.jpg
Decorative Arts and Design,English,1.0,https://cmoa-collection-images.s3.amazonaws.com/thing/1392/CMA-71-14-5.jpg
Decorative Arts and Design,English,1.0,https://cmoa-collection-images.s3.amazonaws.com/thing/1393/CMA-71-14-6.jpg
Decorative Arts and Design,English,1.0,https://cmoa-collection-images.s3.amazonaws.com/thing/103578/1016120_cropped.jpg
Decorative Arts and Design,English,1.0,https://cmoa-collection-images.s3.amazonaws.com/thing/54453/1016120.jpg
Decorative Arts and Design,English,1.0,https://cmoa-collection-images.s3.amazonaws.com/thing/8342/CMA-71-34-1-A-B.jpg
Decorative Arts and Design,English,1.0,https://cmoa-collection-images.s3.amazonaws.com/thing/8343/CMA-71-34-2-A-B.jpg
Decorative Arts and Design,English,1.0,https://cmoa-collection-images.s3.amazonaws.com/thing/8344/CMA-71-34-3.jpg
Decorative Arts and Design,English,1.0,https://cmoa-collection-images.s3.amazonaws.com/thing/0047/CMA-71-50-4-1-A-B.jpg
Decorative Arts and Design,English,1.0,https://cmoa-collection-images.s3.amazonaws.com/thing/0048/CMA-71-50-4-2-A-B.jpg
Decorative Arts and Design,English,1.0,https://cmoa-collection-images.s3.amazonaws.com/thing/6025/CMA-71-51-2-A-B.jpg
Decorative Arts and Design,English,1.0,https://cmoa-collection-images.s3.amazonaws.com/thing/0718/CMA-71-51-9-A-B.jpg
Decorative Arts and Design,English,1.0,https://cmoa-collection-images.s3.amazonaws.com/thing/6027/CMA-72.60.7.1.jpg
Decorative Arts and Design,English,1.0,https://cmoa-collection-images.s3.amazonaws.com/thing/6092/CMA-72-60-7-2.jpg
Decorative Arts and Design,English,1.0,https://cmoa-collection-images.s3.amazonaws.com/thing/5946/CMA-72-60-7-3.jpg
Decorative Arts and Design,English,1.0,https://cmoa-collection-images.s3.amazonaws.com/thing/5199/CMA-73-18-8-A-B.jpg
Decorative Arts and Design,English,1.0,https://cmoa-collection-images.s3.amazonaws.com/thing/5200/CMA-73-18-9-A-B.jpg
Contemporary Art,English,1.0,https://cmoa-collection-images.s3.amazonaws.com/thing/148732/1016943.jpg
Decorative Arts and Design,English,1.0,https://cmoa-collection-images.s3.amazonaws.com/thing/7010/CMA-74-61-2_1.jpg
Contemporary Art,English,1.0,https://cmoa-collection-images.s3.amazonaws.com/thing/195967/1017749.jpg
Decorative Arts and Design,English,1.0,https://cmoa-collection-images.s3.amazonaws.com/thing/3052/CMA-75-45-A-B.jpg
Decorative Arts and Design,English,1.0,https://cmoa-collection-images.s3.amazonaws.com/thing/3318/CMA-76-2-12.jpg
Decorative Arts and Design,English,1.0,https://cmoa-collection-images.s3.amazonaws.com/thing/3321/CMA-76-39-14.jpg
Decorative Arts and Design,English,1.0,https://cmoa-collection-images.s3.amazonaws.com/thing/3322/CMA-76-39-15.jpg
Decorative Arts and Design,English,1.0,https://cmoa-collection-images.s3.amazonaws.com/thing/2729/CMA-76-39-3.jpg
Decorative Arts and Design,English,1.0,https://cmoa-collection-images.s3.amazonaws.com/thing/1432/CMA-76-39-4.jpg
Fine Arts,English,1.0,https://cmoa-collection-images.s3.amazonaws.com/thing/119894/1019253.jpg
Decorative Arts and Design,English,1.0,https://cmoa-collection-images.s3.amazonaws.com/thing/4848/CMA-78-36-11.jpg
Decorative Arts and Design,English,1.0,https://cmoa-collection-images.s3.amazonaws.com/thing/2136/CMA-78-36-12-A-D.jpg
Decorative Arts and Design,English,1.0,https://cmoa-collection-images.s3.amazonaws.com/thing/5980/CMA-78-36-13.jpg
Decorative Arts and Design,English,1.0,https://cmoa-collection-images.s3.amazonaws.com/thing/6483/CMA-78-36-14.jpg
Decorative Arts and Design,English,1.0,https://cmoa-collection-images.s3.amazonaws.com/thing/5054/CMA-78-36-16.jpg
Decorative Arts and Design,English,1.0,https://cmoa-collection-images.s3.amazonaws.com/thing/4850/CMA-78-36-2-A-B.jpg
Decorative Arts and Design,English,1.0,https://cmoa-collection-images.s3.amazonaws.com/thing/4853/CMA-78-36-3-A-B.jpg
Decorative Arts and Design,English,1.0,https://cmoa-collection-images.s3.amazonaws.com/thing/4678/CMA-79-13-35.jpg
Decorative Arts and Design,English,1.0,https://cmoa-collection-images.s3.amazonaws.com/thing/4695/CMA-79-13-36.jpg
Decorative Arts and Design,English,1.0,https://cmoa-collection-images.s3.amazonaws.com/thing/2617/CMA-79-15-10-A-B.jpg
Decorative Arts and Design,English,1.0,https://cmoa-collection-images.s3.amazonaws.com/thing/2545/CMA-79-15-11.jpg
Decorative Arts and Design,English,1.0,https://cmoa-collection-images.s3.amazonaws.com/thing/2546/CMA-79-15-12.jpg
Decorative Arts and Design,English,1.0,https://cmoa-collection-images.s3.amazonaws.com/thing/2547/CMA-79-15-13.jpg
Decorative Arts and Design,English,1.0,https://cmoa-collection-images.s3.amazonaws.com/thing/2548/CMA-79-15-14.jpg
Decorative Arts and Design,English,1.0,https://cmoa-collection-images.s3.amazonaws.com/thing/2618/CMA-79-15-15.jpg
Decorative Arts and Design,English,1.0,https://cmoa-collection-images.s3.amazonaws.com/thing/2549/CMA-79-15-16.jpg
Decorative Arts and Design,English,1.0,https://cmoa-collection-images.s3.amazonaws.com/thing/2550/CMA-79-15-17.jpg
Decorative Arts and Design,English,1.0,https://cmoa-collection-images.s3.amazonaws.com/thing/2551/CMA-79-15-18.jpg
Decorative Arts and Design,English,1.0,https://cmoa-collection-images.s3.amazonaws.com/thing/2619/CMA-79-15-19.jpg
Decorative Arts and Design,English,1.0,https://cmoa-collection-images.s3.amazonaws.com/thing/2552/CMA-79-15-20.jpg
Decorative Arts and Design,English,1.0,https://cmoa-collection-images.s3.amazonaws.com/thing/1476/CMA-79-15-25.jpg
Decorative Arts and Design,English,1.0,https://cmoa-collection-images.s3.amazonaws.com/thing/1477/CMA-79-15-26.jpg
Decorative Arts and Design,English,1.0,https://cmoa-collection-images.s3.amazonaws.com/thing/1478/CMA-79-15-27.jpg
Contemporary Art,English,1.0,https://cmoa-collection-images.s3.amazonaws.com/thing/119322/1020443.jpg
Decorative Arts and Design,English,1.0,https://cmoa-collection-images.s3.amazonaws.com/thing/1497/CMA-80-41-11.jpg
Decorative Arts and Design,English,1.0,https://cmoa-collection-images.s3.amazonaws.com/thing/1498/CMA-80-41-12.jpg
Fine Arts,English,1.0,https://cmoa-collection-images.s3.amazonaws.com/thing/110570/1021735-image.jpg
Fine Arts,English,1.0,https://cmoa-collection-images.s3.amazonaws.com/thing/99738/1021831.jpg
Fine Arts,English,1.0,https://cmoa-collection-images.s3.amazonaws.com/thing/99169/1021832.jpg
Contemporary Art,English,1.0,https://cmoa-collection-images.s3.amazonaws.com/thing/126372/1021901.jpg
Contemporary Art,English,1.0,https://cmoa-collection-images.s3.amazonaws.com/thing/126381/1022171.jpg
Contemporary Art,English,1.0,https://cmoa-collection-images.s3.amazonaws.com/thing/126383/1022172.jpg
Contemporary Art,English,1.0,https://cmoa-collection-images.s3.amazonaws.com/thing/126393/1022173.jpg
Contemporary Art,English,1.0,https://cmoa-collection-images.s3.amazonaws.com/thing/126395/1022175.jpg
Decorative Arts and Design,English,1.0,https://cmoa-collection-images.s3.amazonaws.com/thing/3520/CMA-82-93-102.jpg
Decorative Arts and Design,English,1.0,https://cmoa-collection-images.s3.amazonaws.com/thing/4512/CMA-82-93-112.jpg
Decorative Arts and Design,English,1.0,https://cmoa-collection-images.s3.amazonaws.com/thing/4518/CMA-82-93-118.jpg
Decorative Arts and Design,English,1.0,https://cmoa-collection-images.s3.amazonaws.com/thing/4519/CMA-82-93-119.jpg
Decorative Arts and Design,English,1.0,https://cmoa-collection-images.s3.amazonaws.com/thing/4524/CMA-82-93-122.jpg
Decorative Arts and Design,English,1.0,https://cmoa-collection-images.s3.amazonaws.com/thing/4535/CMA-82-93-132.jpg
Decorative Arts and Design,English,1.0,https://cmoa-collection-images.s3.amazonaws.com/thing/4538/CMA-82-93-135.jpg
Decorative Arts and Design,English,1.0,https://cmoa-collection-images.s3.amazonaws.com/thing/4541/CMA-82-93-138.jpg
Decorative Arts and Design,English,1.0,https://cmoa-collection-images.s3.amazonaws.com/thing/4550/CMA-82-93-146.jpg
Decorative Arts and Design,English,1.0,https://cmoa-collection-images.s3.amazonaws.com/thing/4552/CMA-82-93-148.jpg
Decorative Arts and Design,English,1.0,https://cmoa-collection-images.s3.amazonaws.com/thing/4553/CMA-82-93-149.jpg
Decorative Arts and Design,English,1.0,https://cmoa-collection-images.s3.amazonaws.com/thing/4543/CMA-82-93-14.jpg
Decorative Arts and Design,English,1.0,https://cmoa-collection-images.s3.amazonaws.com/thing/4559/CMA-82-93-154.jpg
Decorative Arts and Design,English,1.0,https://cmoa-collection-images.s3.amazonaws.com/thing/4563/CMA-82-93-158.jpg
Decorative Arts and Design,English,1.0,https://cmoa-collection-images.s3.amazonaws.com/thing/4564/CMA-82-93-159.jpg
Decorative Arts and Design,English,1.0,https://cmoa-collection-images.s3.amazonaws.com/thing/4568/CMA-82-93-162.jpg
Decorative Arts and Design,English,1.0,https://cmoa-collection-images.s3.amazonaws.com/thing/4578/CMA-82-93-172.jpg
Decorative Arts and Design,English,1.0,https://cmoa-collection-images.s3.amazonaws.com/thing/4581/CMA-82-93-175.jpg
Decorative Arts and Design,English,1.0,https://cmoa-collection-images.s3.amazonaws.com/thing/4583/CMA-82-93-177.jpg
Decorative Arts and Design,English,1.0,https://cmoa-collection-images.s3.amazonaws.com/thing/4587/CMA-82-93-180.jpg
Decorative Arts and Design,English,1.0,https://cmoa-collection-images.s3.amazonaws.com/thing/3524/CMA-82-93-182.jpg
Decorative Arts and Design,English,1.0,https://cmoa-collection-images.s3.amazonaws.com/thing/3537/CMA-82-93-194.jpg
Decorative Arts and Design,English,1.0,https://cmoa-collection-images.s3.amazonaws.com/thing/3541/CMA-82-93-198.jpg
Decorative Arts and Design,English,1.0,https://cmoa-collection-images.s3.amazonaws.com/thing/3543/CMA-82-93-20.jpg
Decorative Arts and Design,English,1.0,https://cmoa-collection-images.s3.amazonaws.com/thing/3560/CMA-82-93-214.jpg
Decorative Arts and Design,English,1.0,https://cmoa-collection-images.s3.amazonaws.com/thing/3655/CMA-82-93-224.jpg
Decorative Arts and Design,English,1.0,https://cmoa-collection-images.s3.amazonaws.com/thing/3667/CMA-82-93-235.jpg
Decorative Arts and Design,English,1.0,https://cmoa-collection-images.s3.amazonaws.com/thing/3670/CMA-82-93-238.jpg
Decorative Arts and Design,English,1.0,https://cmoa-collection-images.s3.amazonaws.com/thing/3661/CMA-82-93-23.jpg
Decorative Arts and Design,English,1.0,https://cmoa-collection-images.s3.amazonaws.com/thing/3673/CMA-82-93-240.jpg
Decorative Arts and Design,English,1.0,https://cmoa-collection-images.s3.amazonaws.com/thing/3677/CMA-82-93-243.jpg
Decorative Arts and Design,English,1.0,https://cmoa-collection-images.s3.amazonaws.com/thing/3690/CMA-82-93-27.jpg
Decorative Arts and Design,English,1.0,https://cmoa-collection-images.s3.amazonaws.com/thing/3693/CMA-82-93-280.jpg
Decorative Arts and Design,English,1.0,https://cmoa-collection-images.s3.amazonaws.com/thing/3695/CMA-82-93-282.jpg
Decorative Arts and Design,English,1.0,https://cmoa-collection-images.s3.amazonaws.com/thing/1518/CMA-82-93-2.jpg
Decorative Arts and Design,English,1.0,https://cmoa-collection-images.s3.amazonaws.com/thing/3704/CMA-82-93-36.jpg
Decorative Arts and Design,English,1.0,https://cmoa-collection-images.s3.amazonaws.com/thing/1786/CMA-82-93-39.jpg
Decorative Arts and Design,English,1.0,https://cmoa-collection-images.s3.amazonaws.com/thing/0059/1023485.jpg
Decorative Arts and Design,English,1.0,https://cmoa-collection-images.s3.amazonaws.com/thing/3706/CMA-82-93-44.jpg
Decorative Arts and Design,English,1.0,https://cmoa-collection-images.s3.amazonaws.com/thing/3709/CMA-82-93-47-A-B.jpg
Decorative Arts and Design,English,1.0,https://cmoa-collection-images.s3.amazonaws.com/thing/2746/CMA-82-93-57.jpg
Decorative Arts and Design,English,1.0,https://cmoa-collection-images.s3.amazonaws.com/thing/4911/CMA-82-93-72.jpg
Decorative Arts and Design,English,1.0,https://cmoa-collection-images.s3.amazonaws.com/thing/0638/CMA-82-93-75-A-B.jpg
Decorative Arts and Design,English,1.0,https://cmoa-collection-images.s3.amazonaws.com/thing/3870/CMA-82-93-87.jpg
Decorative Arts and Design,English,1.0,https://cmoa-collection-images.s3.amazonaws.com/thing/1523/CMA-82-93-8.jpg
Decorative Arts and Design,English,1.0,https://cmoa-collection-images.s3.amazonaws.com/thing/3873/CMA-82-93-91.jpg
Decorative Arts and Design,English,1.0,https://cmoa-collection-images.s3.amazonaws.com/thing/1524/CMA-82-93-9.jpg
Contemporary Art,English,1.0,https://cmoa-collection-images.s3.amazonaws.com/thing/105143/Frink_Running%20Man.jpg
Contemporary Art,English,1.0,https://cmoa-collection-images.s3.amazonaws.com/thing/114708/1024397.jpg
Contemporary Art,English,1.0,https://cmoa-collection-images.s3.amazonaws.com/thing/0428/1024650.jpg
Decorative Arts and Design,English,1.0,https://cmoa-collection-images.s3.amazonaws.com/thing/4279/CMA-84-36-1.jpg
Decorative Arts and Design,English,1.0,https://cmoa-collection-images.s3.amazonaws.com/thing/4289/CMA-84-80-2.jpg
Fine Arts,English,1.0,https://cmoa-collection-images.s3.amazonaws.com/thing/105004/1025533_image.jpg
Decorative Arts and Design,English,1.0,https://cmoa-collection-images.s3.amazonaws.com/thing/1796/CMA-85-54.jpg
Contemporary Art,English,1.0,https://cmoa-collection-images.s3.amazonaws.com/thing/25081/1025702.jpg
Contemporary Art,English,1.0,https://cmoa-collection-images.s3.amazonaws.com/thing/8060/CMA-85-60_1.jpg
Contemporary Art,English,1.0,https://cmoa-collection-images.s3.amazonaws.com/thing/118898/1025727.jpg
Contemporary Art,English,1.0,https://cmoa-collection-images.s3.amazonaws.com/thing/8061/CMA-86-22_1.jpg
Contemporary Art,English,1.0,https://cmoa-collection-images.s3.amazonaws.com/thing/120680/1026133-0988.jpg
Contemporary Art,English,1.0,https://cmoa-collection-images.s3.amazonaws.com/thing/99810/1026281.jpg
Decorative Arts and Design,English,1.0,https://cmoa-collection-images.s3.amazonaws.com/thing/2221/CMA-88-27-2.jpg
Decorative Arts and Design,English,1.0,https://cmoa-collection-images.s3.amazonaws.com/thing/6196/CMA-89-30-A-B.jpg
Heinz Architectural Center,English,1.0,https://cmoa-collection-images.s3.amazonaws.com/thing/118576/1029979-image.jpg
Fine Arts,English,1.0,https://cmoa-collection-images.s3.amazonaws.com/thing/108025/1030169.jpg
Decorative Arts and Design,English,1.0,https://cmoa-collection-images.s3.amazonaws.com/thing/6035/CMA-93-183.jpg
Contemporary Art,English,1.0,https://cmoa-collection-images.s3.amazonaws.com/thing/121154/1033209.jpg
Decorative Arts and Design,English,1.0,https://cmoa-collection-images.s3.amazonaws.com/thing/3964/CMA-94-110.jpg
Decorative Arts and Design,English,1.0,https://cmoa-collection-images.s3.amazonaws.com/thing/9430/CMA-94-115-A-B.jpg
Decorative Arts and Design,English,1.0,https://cmoa-collection-images.s3.amazonaws.com/thing/8710/CMA-95-114_1.jpg
Heinz Architectural Center,English,1.0,https://cmoa-collection-images.s3.amazonaws.com/thing/117110/1035699-image.jpg
Heinz Architectural Center,English,1.0,https://cmoa-collection-images.s3.amazonaws.com/thing/117118/1035701.jpg
Decorative Arts and Design,English,1.0,https://cmoa-collection-images.s3.amazonaws.com/thing/3972/CMA-95-57.jpg
Heinz Architectural Center,English,1.0,https://cmoa-collection-images.s3.amazonaws.com/thing/102761/1035775_cropped.jpg
Decorative Arts and Design,English,1.0,https://cmoa-collection-images.s3.amazonaws.com/thing/102759/1035817_cropped.jpg
Decorative Arts and Design,English,1.0,https://cmoa-collection-images.s3.amazonaws.com/thing/1558/CMA-95-81.jpg
Decorative Arts and Design,English,1.0,https://cmoa-collection-images.s3.amazonaws.com/thing/2589/CMA-95-94-10.jpg
Decorative Arts and Design,English,1.0,https://cmoa-collection-images.s3.amazonaws.com/thing/2590/CMA-95-94-11.jpg
Decorative Arts and Design,English,1.0,https://cmoa-collection-images.s3.amazonaws.com/thing/1827/CMA-95-94-12.jpg
Decorative Arts and Design,English,1.0,https://cmoa-collection-images.s3.amazonaws.com/thing/2591/CMA-95-94-13.jpg
Decorative Arts and Design,English,1.0,https://cmoa-collection-images.s3.amazonaws.com/thing/2653/CMA-95-94-14.jpg
Decorative Arts and Design,English,1.0,https://cmoa-collection-images.s3.amazonaws.com/thing/2592/CMA-95-94-15-A-B.jpg
Decorative Arts and Design,English,1.0,https://cmoa-collection-images.s3.amazonaws.com/thing/2593/CMA-95-94-16-A-B.jpg
Decorative Arts and Design,English,1.0,https://cmoa-collection-images.s3.amazonaws.com/thing/2594/CMA-95-94-1-A-B.jpg
Decorative Arts and Design,English,1.0,https://cmoa-collection-images.s3.amazonaws.com/thing/2595/CMA-95-94-2-A-B.jpg
Decorative Arts and Design,English,1.0,https://cmoa-collection-images.s3.amazonaws.com/thing/1826/CMA-95-94-3-A-B.jpg
Decorative Arts and Design,English,1.0,https://cmoa-collection-images.s3.amazonaws.com/thing/2596/CMA-95-94-4.jpg
Decorative Arts and Design,English,1.0,https://cmoa-collection-images.s3.amazonaws.com/thing/1825/CMA-95-94-5.jpg
Decorative Arts and Design,English,1.0,https://cmoa-collection-images.s3.amazonaws.com/thing/2654/CMA-95-94-6.jpg
Decorative Arts and Design,English,1.0,https://cmoa-collection-images.s3.amazonaws.com/thing/2597/CMA-95-94-7.jpg
Decorative Arts and Design,English,1.0,https://cmoa-collection-images.s3.amazonaws.com/thing/1820/CMA-95-94-8.jpg
Decorative Arts and Design,English,1.0,https://cmoa-collection-images.s3.amazonaws.com/thing/2598/CMA-95-94-9.jpg
